ecg_id,strat_fold
136,5
139,1
140,9
146,7
156,7
192,5
253,5
257,3
260,7
261,8
262,9
263,5
264,2
265,8
266,9
267,1
268,1
269,8
270,4
271,10
272,4
273,2
274,10
275,1
276,6
277,2
278,5
280,7
281,9
284,3
285,2
286,6
287,9
288,7
289,7
291,1
293,9
294,2
295,9
296,3
297,7
298,2
299,10
300,7
301,2
302,2
303,9
304,5
305,8
306,1
307,1
308,1
309,2
310,6
311,1
312,8
313,5
314,6
315,2
316,1
317,8
318,10
319,2
320,1
321,7
322,4
323,2
324,1
325,5
326,9
327,8
328,8
329,4
330,1
333,4
334,10
335,7
337,8
338,8
339,5
341,3
342,6
343,9
344,1
345,5
347,10
348,4
350,6
384,1
404,4
407,5
408,8
411,1
413,4
414,9
417,10
418,6
419,9
420,5
422,1
424,5
425,9
426,8
427,10
428,2
430,10
433,7
436,3
437,9
439,7
440,10
441,9
442,2
443,4
444,4
445,9
454,7
466,1
467,2
468,1
470,5
471,8
473,10
474,2
476,1
478,10
480,4
481,2
482,2
484,1
488,2
491,9
492,4
493,6
494,6
496,5
497,5
499,10
501,4
502,5
503,5
504,10
505,4
552,1
559,10
560,1
566,7
567,8
568,4
570,10
571,3
573,10
574,9
575,4
576,2
577,3
581,10
585,5
592,3
593,5
595,6
596,7
597,1
598,10
599,7
600,5
601,9
603,6
604,4
605,4
607,6
608,1
609,8
610,6
611,10
612,9
613,5
614,4
615,9
616,1
617,6
618,10
619,10
620,5
621,1
624,7
625,6
626,6
627,9
628,1
629,2
630,8
631,4
632,2
633,9
634,1
635,1
636,6
639,2
640,4
641,4
642,4
643,2
645,7
648,5
649,5
652,3
653,7
654,3
656,6
657,5
659,8
660,6
664,5
666,7
668,8
669,6
670,5
671,3
672,8
673,9
674,7
675,2
676,1
677,8
679,7
680,7
683,6
684,2
686,3
687,10
688,10
690,7
691,4
692,5
693,3
694,10
695,3
696,10
697,8
698,8
699,1
700,7
702,2
703,2
704,1
705,9
706,8
707,10
708,4
709,4
710,3
711,7
713,8
714,7
716,9
717,9
718,6
719,7
720,7
722,9
723,10
725,7
726,10
728,9
731,2
732,10
733,6
734,7
735,4
736,3
737,1
738,6
740,6
742,7
743,8
744,3
745,2
746,3
747,5
748,9
750,6
751,10
752,8
754,3
755,1
757,8
758,10
759,1
761,3
762,1
763,1
764,10
765,10
766,8
767,7
768,8
769,8
816,6
817,5
819,7
822,1
823,9
824,7
826,3
827,6
829,3
830,7
831,5
832,6
834,7
835,4
836,6
837,4
839,9
841,2
843,9
844,2
845,7
846,2
847,2
848,10
849,9
850,4
851,5
852,4
853,8
856,9
857,3
859,4
860,3
861,10
865,8
866,9
873,8
874,8
875,8
876,3
878,8
879,4
880,1
881,9
882,2
883,5
884,8
885,9
886,10
887,8
888,1
890,7
892,10
893,4
896,4
898,8
899,3
900,7
901,9
903,1
906,6
907,8
908,6
909,8
910,6
911,10
912,3
913,9
914,4
915,7
916,1
917,10
918,4
919,6
920,2
922,2
924,3
925,9
927,9
928,10
929,5
930,6
932,5
933,7
934,5
937,7
938,8
940,2
941,3
942,2
943,10
944,7
945,7
947,10
948,2
949,10
950,10
951,4
952,10
953,3
955,4
956,1
959,10
960,1
961,8
962,1
963,10
964,2
965,6
967,5
968,10
969,1
972,2
973,8
974,1
976,4
977,3
978,7
979,1
980,7
981,7
982,5
983,8
984,1
985,9
986,3
987,9
988,4
989,8
990,3
992,6
993,3
994,2
995,2
996,5
997,3
998,7
999,9
1000,7
1001,5
1002,1
1003,1
1004,6
1005,7
1009,10
1011,1
1012,3
1013,10
1014,10
1015,9
1016,10
1017,6
1019,7
1020,6
1021,1
1022,7
1023,5
1026,9
1027,5
1028,3
1030,9
1031,10
1032,6
1033,7
1034,8
1035,4
1036,6
1038,7
1039,7
1040,2
1041,8
1044,5
1045,4
1046,6
1047,1
1048,8
1051,10
1052,1
1057,7
1060,7
1061,10
1062,5
1064,4
1065,2
1066,4
1067,5
1069,5
1070,4
1071,8
1072,6
1073,1
1074,1
1075,2
1077,2
1078,10
1080,6
1081,5
1083,3
1084,10
1085,4
1086,2
1087,4
1088,6
1089,2
1090,4
1091,2
1095,1
1096,2
1097,2
1098,9
1100,10
1102,4
1104,9
1105,5
1107,4
1108,5
1109,9
1110,1
1111,1
1123,9
1125,6
1126,1
1127,6
1128,7
1129,3
1131,1
1132,1
1133,10
1134,4
1137,3
1138,2
1139,9
1140,8
1142,1
1143,4
1144,1
1145,1
1146,4
1148,3
1149,6
1150,1
1151,1
1152,9
1153,4
1154,5
1156,7
1161,8
1162,1
1163,1
1164,1
1165,7
1166,10
1167,8
1168,5
1169,10
1170,1
1171,5
1172,10
1173,1
1174,6
1175,10
1176,8
1177,4
1178,6
1179,5
1181,8
1182,6
1183,1
1184,9
1185,1
1187,6
1188,4
1191,5
1192,6
1193,2
1194,3
1195,2
1196,7
1197,10
1198,6
1199,7
1200,10
1201,7
1202,5
1206,9
1209,2
1211,2
1212,4
1213,1
1214,8
1215,4
1216,6
1218,1
1219,10
1220,10
1221,3
1224,2
1225,5
1227,2
1228,5
1231,5
1232,8
1233,1
1234,6
1236,1
1237,8
1240,8
1241,2
1321,9
1322,2
1323,5
1324,4
1326,4
1327,1
1328,7
1329,5
1330,6
1331,4
1332,1
1333,1
1335,2
1336,8
1338,4
1339,3
1348,3
1349,8
1351,10
1352,5
1353,10
1355,10
1356,4
1357,6
1358,6
1368,5
1369,4
1370,3
1372,1
1373,5
1374,8
1375,6
1376,7
1377,10
1378,8
1379,9
1380,4
1381,7
1382,8
1384,3
1386,10
1388,5
1390,8
1393,4
1395,4
1398,5
1402,7
1403,2
1404,6
1406,4
1407,5
1408,3
1410,7
1411,7
1412,5
1413,2
1414,8
1415,5
1418,1
1419,4
1421,9
1422,1
1446,4
1449,9
1451,9
1454,5
1466,1
1469,9
1470,3
1471,5
1472,3
1475,2
1496,4
1503,5
1504,9
1506,6
1507,3
1508,6
1509,4
1510,1
1511,3
1512,6
1514,3
1516,3
1518,9
1520,3
1521,5
1522,10
1524,3
1525,7
1526,2
1527,2
1530,5
1532,3
1533,5
1534,10
1535,6
1538,8
1540,7
1542,9
1544,7
1546,6
1548,8
1549,4
1550,4
1552,7
1553,1
1555,8
1556,10
1558,5
1559,5
1562,4
1563,6
1564,10
1565,7
1569,6
1570,3
1573,6
1574,1
1575,4
1576,7
1577,9
1578,3
1579,3
1583,5
1585,7
1586,1
1587,1
1588,3
1589,10
1591,7
1592,5
1593,1
1594,5
1595,9
1599,5
1601,7
1603,5
1604,7
1605,7
1606,1
1608,3
1610,9
1612,9
1613,7
1614,8
1615,7
1616,1
1617,10
1619,9
1620,5
1621,1
1623,2
1624,10
1626,3
1627,9
1629,3
1631,6
1632,10
1633,8
1634,8
1635,4
1636,5
1637,5
1639,10
1641,2
1642,1
1644,5
1645,9
1646,8
1647,3
1648,9
1649,2
1650,8
1652,7
1653,3
1654,3
1655,10
1656,5
1657,3
1660,3
1661,5
1663,5
1664,5
1666,2
1670,1
1671,3
1672,3
1674,5
1675,2
1676,4
1680,6
1681,5
1683,4
1684,6
1685,2
1686,4
1687,6
1689,5
1693,7
1694,5
1731,8
1755,4
1756,5
1764,6
1765,5
1766,1
1767,4
1768,3
1770,6
1772,5
1774,6
1775,10
1778,1
1779,8
1780,10
1781,5
1782,9
1783,6
1784,8
1786,4
1787,8
1788,2
1789,1
1790,10
1791,4
1792,10
1793,8
1794,9
1796,6
1797,3
1798,9
1799,4
1800,8
1801,3
1802,1
1803,5
1804,1
1806,8
1807,2
1808,2
1811,7
1812,10
1814,3
1815,7
1816,2
1818,5
1820,6
1821,2
1822,7
1824,7
1825,10
1827,2
1828,4
1829,5
1832,9
1833,4
1834,7
1837,8
1839,7
1840,2
1841,9
1844,9
1846,7
1849,4
1850,10
1852,9
1853,10
1854,9
1855,6
1856,2
1857,10
1858,6
1861,8
1862,9
1863,8
1864,10
1868,4
1869,6
1871,9
1872,1
1873,1
1874,3
1875,8
1877,6
1879,8
1880,7
1881,4
1882,1
1883,5
1884,1
1886,6
1887,5
1889,9
1890,2
1891,4
1892,1
1894,1
1895,2
1896,8
1897,7
1898,2
1899,10
1900,1
1903,1
1904,2
1907,9
1910,9
1912,3
1913,4
1914,7
1916,3
1917,2
1918,5
1919,3
1921,3
1922,6
1924,5
1925,1
1928,1
1929,1
1930,8
1931,3
1933,10
1934,6
1936,9
1938,10
1939,5
1940,10
1941,1
1942,9
1943,3
1944,10
1945,4
1947,5
1948,2
1951,5
1952,9
1953,1
1955,2
1958,10
1961,10
1962,9
1964,1
1966,4
1967,7
1968,2
1969,4
1973,7
1975,7
1976,5
1978,7
1979,6
1980,1
1981,9
1983,1
1985,4
1986,2
1988,10
1989,8
1990,9
1991,6
1992,9
1993,10
1994,10
1995,9
1996,2
1997,7
1998,10
1999,3
2000,2
2001,5
2002,7
2003,6
2004,1
2005,6
2009,8
2010,7
2011,4
2012,5
2013,4
2014,4
2015,2
2016,5
2018,3
2020,5
2021,8
2024,4
2025,1
2027,2
2028,4
2029,1
2030,5
2031,1
2034,5
2035,8
2036,8
2037,6
2039,10
2041,1
2044,8
2046,3
2048,1
2050,10
2051,9
2052,3
2053,4
2054,9
2055,10
2056,9
2058,7
2059,3
2060,2
2061,7
2062,9
2063,2
2064,10
2065,4
2066,5
2068,6
2069,2
2071,1
2072,2
2073,2
2075,2
2076,9
2078,9
2081,5
2082,8
2083,10
2084,2
2085,7
2086,7
2088,2
2089,9
2090,7
2091,3
2092,5
2096,7
2097,2
2098,4
2100,8
2101,10
2104,10
2106,1
2107,9
2108,4
2109,3
2110,10
2112,8
2113,6
2114,9
2116,6
2122,1
2124,4
2125,5
2129,8
2130,5
2131,1
2133,2
2134,9
2136,4
2140,4
2141,2
2144,10
2145,1
2147,6
2149,9
2169,9
2174,6
2176,5
2178,7
2179,4
2181,9
2182,3
2184,6
2185,7
2186,6
2188,7
2189,3
2190,7
2194,2
2195,5
2196,2
2198,5
2200,4
2202,6
2203,10
2204,4
2205,9
2206,3
2208,4
2209,1
2210,10
2211,5
2212,7
2213,10
2214,4
2215,8
2216,9
2217,3
2218,6
2219,2
2220,4
2221,10
2222,6
2223,1
2224,10
2225,3
2226,10
2228,8
2229,7
2231,7
2232,5
2233,9
2234,4
2235,10
2236,8
2237,9
2238,10
2239,6
2240,4
2241,2
2244,7
2245,5
2246,6
2247,2
2248,3
2253,8
2254,1
2256,5
2257,5
2258,4
2259,8
2260,5
2261,9
2262,4
2263,7
2266,5
2268,9
2272,8
2274,7
2275,8
2276,4
2277,10
2278,4
2279,10
2283,9
2284,1
2285,10
2286,1
2288,8
2289,3
2290,6
2291,3
2294,2
2300,7
2301,9
2302,10
2303,4
2304,5
2310,7
2311,9
2312,7
2314,6
2315,5
2317,10
2318,9
2319,9
2320,5
2321,4
2322,10
2342,6
2386,10
2450,7
2451,4
2453,5
2454,5
2455,10
2457,4
2458,9
2459,5
2460,2
2461,1
2465,9
2466,8
2467,9
2468,5
2470,1
2471,3
2472,4
2477,8
2478,1
2483,6
2485,4
2487,7
2490,3
2491,2
2505,9
2506,10
2507,10
2510,2
2513,2
2517,4
2519,3
2521,7
2522,6
2523,6
2526,8
2527,5
2528,2
2529,8
2530,8
2531,4
2532,3
2533,5
2534,9
2536,4
2539,3
2541,6
2542,7
2544,6
2545,2
2546,3
2550,10
2551,10
2555,5
2561,10
2573,1
2600,5
2615,6
2616,7
2617,5
2618,9
2621,7
2623,9
2624,9
2625,2
2627,10
2650,5
2651,6
2653,8
2655,5
2657,5
2658,7
2659,7
2660,2
2662,3
2664,9
2666,8
2667,6
2668,8
2669,9
2670,9
2671,2
2672,7
2673,7
2674,2
2676,8
2677,6
2678,2
2679,1
2683,6
2684,2
2685,4
2686,2
2687,3
2688,8
2689,3
2690,7
2691,6
2692,9
2693,10
2696,2
2697,9
2700,7
2702,2
2703,6
2704,1
2705,6
2706,6
2710,3
2711,3
2717,1
2719,2
2720,3
2722,10
2726,7
2727,9
2728,6
2729,7
2730,9
2732,2
2733,4
2734,10
2735,5
2740,2
2742,4
2743,4
2744,2
2745,9
2746,9
2747,5
2748,9
2751,1
2752,3
2753,2
2756,1
2757,7
2758,1
2761,1
2763,1
2765,6
2766,5
2767,10
2768,9
2769,6
2770,1
2771,2
2772,4
2773,6
2774,5
2775,3
2777,3
2779,10
2780,8
2781,6
2784,2
2785,10
2787,5
2790,5
2791,10
2794,9
2796,6
2797,4
2798,9
2799,3
2800,6
2802,10
2804,1
2807,4
2809,5
2810,9
2815,7
2816,8
2817,6
2819,10
2820,6
2821,3
2822,3
2824,4
2825,9
2826,5
2827,3
2829,3
2832,8
2834,1
2835,5
2836,3
2838,9
2840,3
2841,9
2842,5
2843,8
2844,1
2845,7
2846,2
2849,9
2850,7
2852,9
2853,3
2854,10
2856,1
2858,1
2859,2
2863,6
2897,6
2946,5
2948,7
2949,9
2952,9
2955,3
2956,2
2957,4
2958,4
2959,7
2960,3
2961,4
2962,3
2964,4
2969,1
2970,3
2972,8
2974,8
2975,1
2976,8
2978,8
2979,1
2980,9
2984,8
2985,4
2987,10
2988,2
2989,5
2991,2
2992,9
2993,7
2994,6
2999,6
3001,3
3002,7
3004,4
3005,7
3006,3
3007,7
3008,1
3009,10
3011,1
3013,8
3014,5
3015,8
3018,8
3020,2
3022,10
3023,2
3024,3
3026,1
3028,7
3031,4
3032,1
3035,10
3036,3
3037,4
3038,1
3040,4
3041,9
3044,9
3045,4
3046,6
3047,8
3048,2
3050,7
3056,6
3057,7
3058,6
3059,2
3060,10
3061,2
3063,7
3064,3
3065,6
3066,7
3067,1
3068,3
3073,10
3074,8
3075,1
3076,6
3077,7
3080,9
3086,3
3087,2
3089,9
3090,8
3092,10
3094,1
3095,3
3096,5
3098,3
3099,4
3101,6
3102,3
3103,10
3104,4
3105,5
3107,8
3108,10
3109,8
3110,2
3112,10
3113,3
3116,8
3117,8
3118,3
3119,2
3120,6
3121,3
3122,10
3123,2
3124,5
3126,8
3129,2
3130,8
3131,6
3138,8
3139,6
3142,1
3147,7
3150,2
3151,6
3152,3
3153,3
3154,4
3155,9
3156,2
3157,3
3159,10
3161,4
3162,8
3163,2
3164,10
3165,10
3167,8
3168,3
3170,8
3175,2
3176,1
3177,6
3178,4
3179,1
3180,6
3181,1
3182,8
3183,5
3185,4
3187,2
3190,1
3192,9
3193,5
3194,4
3195,3
3196,2
3197,3
3198,8
3199,4
3200,5
3201,10
3202,3
3204,1
3205,7
3206,6
3211,5
3214,8
3216,6
3217,5
3218,8
3221,4
3223,2
3224,1
3225,8
3226,6
3227,1
3228,7
3231,2
3234,9
3235,10
3243,4
3244,3
3245,2
3246,10
3247,8
3250,8
3251,6
3252,7
3253,3
3255,4
3258,6
3260,5
3261,4
3264,2
3265,9
3266,7
3267,6
3268,9
3269,6
3272,10
3273,9
3275,10
3276,4
3277,1
3278,9
3280,8
3281,10
3282,10
3283,9
3284,4
3285,8
3286,8
3287,4
3289,8
3294,1
3295,3
3297,4
3299,10
3300,8
3301,4
3302,6
3303,4
3304,2
3308,9
3312,1
3313,1
3314,2
3315,10
3317,10
3319,6
3320,10
3321,8
3322,4
3325,6
3327,7
3328,4
3332,1
3334,1
3337,9
3338,7
3339,8
3342,10
3344,3
3345,9
3346,1
3347,5
3348,6
3349,9
3375,7
3377,7
3379,4
3382,5
3384,10
3385,8
3386,6
3387,4
3388,4
3393,4
3394,6
3395,4
3396,5
3397,2
3399,3
3402,7
3403,3
3404,9
3405,3
3406,10
3407,5
3408,7
3409,9
3410,5
3413,8
3414,10
3415,7
3416,9
3417,9
3420,8
3421,6
3424,7
3427,1
3429,4
3430,1
3431,7
3432,6
3433,9
3434,6
3436,6
3438,5
3439,3
3440,9
3441,3
3442,3
3443,9
3445,4
3446,2
3448,7
3450,5
3452,10
3455,8
3456,5
3457,9
3458,5
3460,6
3462,1
3464,7
3465,2
3467,4
3468,2
3469,3
3470,4
3471,5
3472,5
3474,8
3476,1
3477,6
3482,5
3483,4
3485,7
3486,10
3487,10
3491,5
3498,5
3503,2
3504,4
3505,2
3507,10
3508,10
3509,7
3512,3
3513,3
3515,10
3516,4
3517,5
3518,4
3519,8
3521,10
3523,4
3525,3
3526,9
3527,1
3530,2
3531,9
3532,6
3535,3
3536,8
3537,10
3538,8
3541,1
3547,5
3591,7
3741,9
3742,7
3743,8
3749,3
3750,5
3752,3
3754,9
3756,10
3757,9
3758,7
3759,3
3760,3
3762,9
3764,5
3765,4
3768,8
3772,6
3774,6
3775,1
3777,8
3785,10
3800,9
3801,6
3802,6
3804,7
3806,9
3807,9
3809,5
3810,9
3812,6
3815,7
3816,7
3819,1
3823,5
3825,3
3829,6
3830,3
3831,4
3834,4
3835,9
3836,1
3837,8
3838,5
3839,2
3840,8
3841,8
3843,8
3844,6
3845,7
3847,4
3848,6
3853,2
3882,2
3899,9
3921,7
3922,2
3923,10
3928,8
3930,3
3931,3
3932,1
3933,6
3934,4
3935,5
3936,6
3950,1
3951,6
3953,4
3954,6
3955,2
3957,2
3958,1
3959,7
3960,9
3961,5
3963,1
3964,6
3965,7
3969,6
3970,2
3971,6
3972,3
3973,7
3974,7
3975,4
3976,5
3977,6
3978,8
3979,9
3980,8
3981,8
3983,1
3984,10
3986,10
3987,1
3988,4
3989,5
3991,3
3992,1
3993,5
3994,8
3995,8
3996,2
4000,7
4001,3
4003,8
4005,9
4007,1
4008,5
4009,4
4010,3
4014,8
4015,8
4016,10
4019,1
4022,6
4024,7
4026,5
4027,1
4028,9
4029,3
4030,6
4032,9
4035,7
4036,6
4037,7
4039,5
4040,5
4042,1
4043,3
4045,4
4046,5
4047,4
4048,7
4049,8
4050,7
4051,5
4052,2
4053,2
4055,2
4056,8
4060,4
4061,7
4064,5
4067,7
4068,9
4069,5
4070,10
4072,10
4074,5
4075,5
4077,5
4078,1
4079,10
4080,5
4082,3
4083,5
4084,1
4085,3
4086,9
4087,3
4088,4
4090,10
4091,5
4092,5
4094,3
4095,2
4096,9
4097,10
4098,9
4099,3
4102,1
4103,10
4105,9
4106,1
4107,2
4108,8
4109,2
4110,10
4111,6
4113,2
4114,4
4115,8
4116,8
4118,9
4120,2
4121,3
4123,10
4125,4
4126,9
4128,5
4129,2
4130,2
4131,4
4132,7
4133,8
4134,2
4135,4
4136,5
4137,10
4138,3
4140,2
4141,2
4142,2
4143,2
4144,6
4145,9
4147,3
4149,10
4150,7
4154,2
4160,6
4252,8
4270,7
4272,5
4274,5
4278,10
4280,4
4282,1
4283,3
4284,4
4285,6
4286,9
4287,2
4288,1
4292,3
4293,1
4294,9
4296,1
4297,8
4299,5
4300,6
4301,4
4302,1
4303,6
4311,1
4312,4
4314,9
4315,2
4317,8
4318,8
4319,3
4320,8
4321,2
4324,2
4325,7
4327,3
4330,8
4331,7
4336,10
4337,1
4338,4
4339,8
4343,1
4344,1
4345,2
4346,2
4348,8
4349,4
4350,4
4352,2
4353,2
4357,3
4358,2
4360,2
4364,4
4369,1
4371,6
4377,2
4378,3
4380,4
4382,9
4383,2
4390,5
4395,9
4406,5
4407,1
4408,8
4409,3
4411,4
4412,3
4415,9
4416,8
4419,6
4420,1
4430,6
4431,3
4433,4
4434,4
4444,10
4445,3
4450,4
4452,3
4453,3
4457,5
4458,10
4459,7
4460,3
4464,8
4465,1
4468,9
4469,4
4471,5
4472,2
4473,5
4474,6
4475,4
4477,6
4478,6
4480,1
4481,4
4482,3
4485,9
4486,9
4493,7
4496,6
4497,5
4500,2
4505,5
4514,5
4518,10
4521,3
4523,6
4524,3
4525,2
4526,5
4527,8
4528,9
4529,3
4536,7
4537,3
4539,6
4540,3
4541,3
4543,9
4544,6
4545,7
4546,10
4547,10
4548,9
4549,2
4551,8
4552,2
4553,2
4554,5
4555,3
4556,10
4557,8
4562,2
4563,8
4564,6
4566,8
4568,7
4569,7
4570,3
4573,4
4574,2
4576,10
4579,4
4581,2
4582,3
4584,2
4585,3
4587,9
4600,6
4601,3
4602,10
4605,8
4606,2
4607,6
4609,10
4610,5
4612,4
4614,10
4615,10
4616,5
4618,10
4619,10
4620,8
4621,1
4624,1
4625,3
4628,4
4629,2
4632,1
4634,4
4635,1
4638,5
4640,9
4641,5
4642,8
4643,1
4644,9
4647,9
4650,9
4651,9
4652,5
4654,9
4656,10
4659,7
4660,7
4663,9
4670,6
4673,8
4674,4
4676,10
4677,9
4678,6
4679,2
4682,3
4683,6
4685,7
4686,9
4687,10
4692,6
4695,9
4697,6
4700,4
4701,5
4702,4
4705,8
4706,7
4707,6
4708,5
4714,3
4716,6
4720,8
4721,6
4722,5
4724,5
4727,1
4728,6
4730,2
4731,6
4733,9
4735,3
4738,8
4741,1
4748,3
4749,10
4751,9
4752,9
4754,5
4755,10
4756,3
4757,2
4759,5
4767,4
4768,3
4769,10
4770,4
4771,10
4774,8
4775,3
4776,4
4777,8
4779,2
4780,7
4781,8
4782,1
4784,1
4786,10
4881,5
4882,2
4883,2
4884,2
4885,4
4891,5
4892,6
4893,10
4895,4
4899,7
4900,10
4905,6
4909,7
4917,7
4923,8
4928,1
4930,5
4931,2
4935,5
4937,7
4938,9
4939,4
4941,4
4942,1
4945,10
4946,7
4947,6
4948,7
4949,6
4950,9
4951,10
4952,1
4956,4
4958,9
4960,10
4961,9
4962,2
4963,5
4964,2
4965,8
4968,7
4969,6
4970,2
4973,8
4976,3
4977,2
4978,1
4979,10
4982,1
4984,7
4991,6
4996,1
4997,5
4998,9
5000,10
5001,7
5002,5
5003,1
5005,6
5008,9
5014,1
5015,2
5020,3
5037,2
5039,6
5050,5
5053,2
5056,9
5057,6
5058,1
5062,9
5078,3
5083,2
5084,8
5086,2
5087,10
5088,3
5090,7
5091,6
5092,3
5094,2
5099,10
5102,2
5103,3
5105,8
5106,9
5108,8
5234,9
5403,9
5480,8
5523,8
5662,2
5695,4
5697,4
5710,4
5712,9
5724,4
5725,10
5726,6
5728,5
5732,8
5734,8
5735,3
5736,6
5737,10
5738,10
5740,5
5742,1
5743,10
5744,8
5745,3
5746,1
5751,5
5752,5
5754,3
5757,5
5772,9
5792,8
5794,8
5797,1
5798,7
5799,6
5802,1
5822,5
5823,2
5824,10
5825,9
5828,5
5830,10
5833,1
5834,8
5835,10
5837,10
5838,1
5842,8
5844,4
5845,1
5849,5
5851,3
5852,1
5853,5
5854,8
5855,10
5856,10
5859,8
5865,4
5872,2
5910,6
5932,3
5937,4
5939,5
5941,2
5942,7
5943,9
5945,9
5947,10
5948,2
5949,9
5951,10
5952,6
5978,3
5979,3
5980,6
5981,4
5982,4
5983,2
5984,1
5985,6
5988,1
5989,5
5990,7
5991,7
5992,10
5993,7
5994,6
5995,3
5996,7
5997,2
5998,1
5999,7
6002,4
6004,10
6005,3
6006,4
6008,6
6009,2
6011,9
6012,1
6013,4
6014,8
6015,6
6016,4
6018,1
6019,2
6020,4
6021,3
6022,7
6026,4
6029,7
6030,6
6032,8
6033,2
6036,1
6043,4
6044,9
6046,10
6047,10
6049,5
6050,10
6051,4
6052,5
6053,5
6054,6
6055,3
6056,10
6059,7
6060,8
6061,2
6063,3
6064,2
6065,5
6067,9
6068,7
6069,5
6070,8
6071,2
6072,5
6073,9
6074,9
6075,10
6078,5
6079,2
6080,3
6082,9
6083,6
6084,8
6086,7
6089,2
6091,5
6092,5
6094,7
6095,7
6097,9
6098,10
6100,3
6101,3
6102,7
6103,10
6104,1
6105,1
6106,7
6109,9
6110,3
6111,9
6112,5
6113,4
6116,7
6117,4
6119,7
6121,6
6127,3
6129,2
6130,5
6132,10
6133,5
6138,3
6139,4
6140,4
6141,10
6142,7
6143,6
6144,3
6145,3
6147,8
6150,8
6152,3
6153,9
6154,10
6156,1
6157,3
6158,9
6159,2
6160,4
6161,6
6163,4
6164,5
6166,1
6167,5
6168,6
6169,3
6171,4
6172,4
6173,8
6175,6
6176,6
6177,1
6178,5
6179,1
6180,10
6182,8
6185,5
6186,10
6191,9
6282,6
6288,6
6295,10
6296,9
6297,6
6298,6
6299,6
6303,7
6306,1
6307,6
6309,4
6310,4
6315,5
6316,4
6318,4
6322,3
6323,9
6324,4
6325,4
6327,4
6328,4
6329,9
6330,4
6332,9
6334,4
6335,9
6336,1
6339,2
6340,6
6341,10
6342,6
6343,5
6345,1
6347,2
6350,10
6352,10
6353,10
6354,6
6356,1
6357,1
6358,10
6359,9
6361,3
6362,1
6364,3
6367,8
6370,2
6371,6
6372,4
6373,5
6374,8
6375,10
6376,7
6377,9
6378,2
6379,1
6385,6
6388,7
6390,4
6391,4
6393,1
6413,2
6416,5
6418,3
6421,7
6423,8
6427,10
6433,6
6436,7
6437,10
6441,7
6442,2
6443,3
6444,6
6451,7
6453,4
6454,5
6456,5
6462,5
6468,5
6469,9
6470,3
6471,10
6472,8
6473,6
6475,6
6476,5
6477,7
6478,5
6479,5
6483,4
6485,4
6488,8
6490,3
6491,1
6492,1
6494,4
6496,8
6498,10
6499,6
6500,8
6501,6
6503,3
6504,4
6506,8
6507,3
6509,3
6510,7
6511,8
6512,8
6516,6
6517,9
6518,4
6519,1
6525,7
6529,2
6535,4
6536,1
6540,7
6542,10
6545,1
6546,8
6547,9
6550,8
6551,4
6553,8
6556,10
6557,2
6562,10
6563,9
6564,9
6565,1
6566,6
6570,7
6571,3
6572,8
6573,5
6574,9
6576,5
6577,10
6578,4
6579,10
6582,5
6586,3
6588,6
6589,9
6591,4
6592,10
6594,2
6598,2
6599,1
6602,9
6604,3
6607,8
6608,4
6609,6
6611,2
6613,8
6625,10
6626,2
6628,1
6629,3
6631,8
6632,6
6633,8
6634,2
6637,8
6638,8
6639,7
6640,6
6643,2
6645,7
6646,1
6647,3
6648,2
6652,4
6654,2
6655,7
6661,3
6662,1
6663,7
6665,2
6667,9
6674,6
6684,4
6686,1
6687,7
6689,3
6690,7
6692,8
6695,1
6696,1
6697,9
6699,6
6700,2
6701,7
6704,4
6706,9
6708,4
6710,5
6713,6
6716,5
6718,8
6720,9
6721,8
6722,3
6723,3
6724,5
6725,6
6726,1
6729,8
6730,2
6731,9
6735,10
6736,9
6737,5
6738,5
6740,4
6743,1
6744,2
6745,8
6747,1
6748,3
6756,2
6757,5
6762,2
6764,9
6767,5
6768,2
6771,9
6772,7
6773,2
6777,1
6780,9
6782,4
6783,5
6786,9
6787,8
6788,10
6795,3
6880,6
6881,5
6882,4
6883,8
6884,2
6885,1
6886,1
6888,1
6889,5
6891,5
6894,2
6896,2
6897,5
6899,6
6913,6
6918,7
6920,5
6921,1
6923,5
6926,6
6927,6
6929,10
6933,3
6934,5
6935,2
6938,9
6939,5
6941,5
6943,3
6944,3
6945,2
6947,7
6948,2
6949,3
6950,2
6951,10
6952,9
6954,7
6956,5
6958,1
6959,2
6960,7
6962,10
6965,4
6966,8
6969,7
6971,7
6973,2
6979,7
6981,1
6989,6
6994,6
6996,7
6997,6
6998,2
7001,4
7004,8
7006,9
7010,2
7035,3
7037,7
7038,3
7039,7
7040,2
7042,6
7043,3
7068,5
7070,7
7071,5
7072,2
7076,3
7077,7
7082,3
7083,1
7084,8
7085,2
7087,5
7089,8
7090,5
7091,9
7092,7
7093,9
7096,5
7105,5
7106,1
7108,9
7126,9
7128,9
7268,9
7347,9
7659,2
7662,5
7667,2
7677,4
7681,6
7682,4
7684,10
7687,6
7688,3
7690,6
7691,3
7692,10
7693,2
7694,8
7695,8
7696,2
7697,8
7698,7
7699,6
7701,9
7702,8
7703,7
7704,2
7717,6
7718,9
7738,6
7749,3
7750,8
7755,3
7756,10
7757,2
7781,4
7789,5
7790,9
7791,8
7792,4
7793,10
7794,2
7795,4
7796,8
7799,2
7800,5
7801,8
7806,2
7808,8
7810,5
7812,10
7814,3
7815,4
7818,5
7830,1
7831,4
7833,2
7842,10
7863,6
7896,4
7898,9
7899,3
7901,4
7902,5
7903,6
7904,7
7906,5
7907,2
7926,2
7927,2
7929,7
7930,2
7934,6
7935,8
7936,9
7938,1
7939,3
7940,4
7941,9
7943,4
7945,9
7946,10
7947,4
7949,1
7951,10
7952,8
7953,9
7954,9
7955,4
7958,7
7960,4
7961,10
7963,2
7964,9
7965,3
7966,3
7967,10
7968,1
7969,8
7973,7
7981,5
7982,7
7983,8
7984,9
7987,3
7992,8
7993,8
7994,8
7995,8
7996,3
7997,7
7998,10
8001,3
8004,5
8005,4
8007,9
8008,2
8009,5
8010,8
8012,3
8013,7
8016,6
8017,9
8018,7
8020,1
8021,8
8022,6
8024,6
8026,6
8027,1
8028,1
8030,1
8031,8
8033,5
8034,7
8037,4
8038,1
8039,6
8040,4
8041,10
8042,4
8043,7
8045,8
8046,2
8047,7
8048,5
8049,3
8050,3
8051,1
8052,5
8054,5
8058,6
8060,5
8061,6
8064,5
8065,10
8066,9
8067,1
8068,1
8069,1
8070,8
8071,4
8072,2
8073,7
8075,5
8077,8
8078,5
8079,4
8080,4
8082,8
8084,4
8085,2
8086,4
8087,4
8088,4
8090,2
8091,4
8093,4
8094,8
8096,7
8097,5
8098,8
8099,5
8100,1
8101,2
8103,4
8105,8
8106,5
8107,1
8108,2
8112,7
8114,10
8115,1
8116,10
8117,4
8118,1
8119,8
8121,10
8125,3
8127,3
8128,1
8129,6
8130,10
8131,1
8136,10
8235,9
8239,3
8240,7
8241,10
8258,1
8259,10
8260,8
8261,10
8264,9
8266,1
8270,1
8272,8
8274,6
8275,4
8276,9
8278,10
8280,4
8282,9
8283,8
8284,10
8285,5
8286,5
8287,3
8288,5
8289,6
8291,1
8292,7
8293,7
8298,9
8299,6
8300,9
8301,2
8302,1
8303,3
8306,6
8307,3
8308,7
8310,4
8314,5
8315,5
8316,2
8318,2
8321,5
8323,9
8325,3
8327,4
8328,1
8332,3
8333,1
8334,6
8335,1
8337,9
8338,3
8339,8
8340,2
8341,6
8342,2
8344,10
8357,9
8361,4
8364,5
8366,5
8374,3
8379,7
8380,5
8383,3
8384,2
8385,7
8387,6
8388,3
8390,8
8391,3
8392,4
8396,4
8399,6
8402,8
8409,1
8410,10
8423,6
8424,5
8426,7
8427,9
8428,6
8436,2
8439,9
8444,7
8447,6
8449,4
8451,4
8452,6
8453,1
8454,7
8455,5
8456,2
8457,1
8458,5
8459,5
8461,10
8462,9
8463,3
8464,7
8465,4
8467,9
8468,2
8470,7
8476,6
8478,8
8480,6
8483,9
8484,6
8485,1
8486,8
8505,1
8506,2
8508,1
8514,4
8517,8
8520,8
8521,4
8523,5
8524,10
8525,9
8526,5
8527,1
8528,2
8529,8
8531,6
8532,3
8534,7
8538,10
8539,4
8540,7
8541,10
8546,2
8547,3
8549,5
8550,6
8551,9
8552,6
8553,5
8554,5
8555,10
8556,4
8558,7
8559,7
8560,1
8561,8
8563,9
8565,9
8567,5
8572,3
8574,3
8577,6
8582,6
8583,9
8586,1
8588,8
8594,6
8598,5
8601,5
8602,7
8610,5
8611,2
8619,1
8622,10
8625,10
8626,8
8627,9
8628,8
8629,2
8630,5
8631,5
8636,8
8637,8
8639,4
8640,5
8644,7
8646,6
8652,8
8655,5
8660,6
8662,8
8663,10
8672,1
8673,2
8678,4
8679,6
8682,1
8687,5
8688,10
8691,7
8692,5
8693,7
8696,6
8697,7
8699,4
8700,4
8702,7
8703,7
8704,10
8705,7
8706,3
8708,6
8709,6
8711,7
8714,1
8715,6
8716,6
8718,6
8719,8
8720,7
8721,7
8725,7
8727,10
8728,8
8738,8
8745,1
8749,3
8755,6
8756,6
8758,2
8759,5
8762,7
8766,5
8767,9
8768,9
8770,7
8772,10
8773,7
8775,6
8776,7
8777,10
8778,10
8780,7
8781,3
8782,3
8862,2
8865,2
8866,3
8867,7
8868,8
8870,9
8873,10
8874,3
8875,2
8876,6
8878,4
8880,10
8886,4
8889,2
8890,9
8900,8
8906,7
8908,6
8909,3
8910,4
8911,7
8913,5
8915,4
8916,10
8917,7
8922,10
8923,1
8924,6
8931,9
8933,6
8934,8
8936,9
8937,3
8938,7
8939,4
8941,1
8942,2
8943,8
8944,9
8945,1
8948,4
8950,4
8953,1
8954,7
8959,7
8965,3
8966,8
8973,8
8975,6
8977,9
8979,2
8984,7
8986,4
8995,1
8997,4
9000,8
9001,6
9002,10
9011,9
9020,9
9022,1
9024,10
9042,1
9052,4
9054,2
9057,1
9058,8
9066,6
9069,7
9085,9
9088,8
9090,4
9091,3
9095,10
9097,6
9099,8
9104,9
9109,4
9110,10
9111,8
9112,6
9114,6
9115,10
9116,2
9117,7
9118,4
9119,6
9120,2
9123,2
9124,2
9125,7
9126,3
9127,9
9128,4
9133,10
9134,9
9136,4
9137,4
9139,1
9163,7
9191,6
9337,3
9338,10
9412,3
9517,7
9619,1
9644,5
9657,1
9666,9
9688,1
9691,3
9694,6
9702,10
9704,7
9716,3
9722,6
9723,3
9724,8
9726,3
9728,5
9729,3
9730,10
9731,8
9734,4
9735,3
9736,9
9737,2
9739,6
9740,10
9743,7
9744,10
9752,10
9755,8
9770,4
9773,10
9776,2
9792,8
9793,5
9794,10
9799,7
9800,8
9801,7
9802,7
9803,10
9804,7
9829,1
9831,6
9832,8
9835,5
9836,7
9839,1
9840,1
9841,9
9843,3
9844,3
9846,7
9847,9
9848,5
9849,4
9851,3
9852,4
9853,1
9854,8
9855,8
9856,1
9860,10
9861,7
9862,2
9866,5
9867,10
9869,10
9892,10
9915,9
9936,1
9938,1
9940,5
9946,8
9947,7
9949,3
9950,7
9953,10
9978,1
9985,3
9986,4
9987,1
9988,4
9989,9
9990,8
9991,2
9992,10
9994,10
9995,10
9996,7
9997,2
9998,1
9999,6
10000,5
10001,8
10002,4
10003,9
10004,2
10005,9
10006,2
10007,8
10008,3
10009,3
10010,4
10011,6
10014,5
10015,6
10016,5
10018,6
10020,3
10021,8
10022,6
10023,2
10024,5
10025,9
10027,5
10029,10
10031,7
10032,3
10034,9
10035,9
10036,3
10038,3
10046,1
10047,8
10048,9
10049,8
10051,5
10052,1
10053,2
10056,4
10057,9
10058,9
10059,4
10060,9
10062,9
10064,8
10065,4
10066,7
10067,8
10068,6
10070,8
10071,7
10073,4
10074,1
10075,4
10076,10
10080,8
10082,7
10083,3
10084,8
10087,5
10090,3
10091,7
10092,3
10093,10
10094,8
10095,1
10096,4
10097,6
10098,7
10100,9
10101,3
10106,8
10108,7
10110,4
10111,9
10112,3
10113,8
10117,6
10118,8
10119,2
10120,1
10121,7
10123,4
10124,6
10126,5
10128,6
10129,3
10130,10
10131,10
10132,9
10133,4
10134,5
10135,4
10136,7
10137,8
10139,2
10140,1
10141,10
10142,1
10143,10
10145,9
10146,4
10147,5
10149,7
10150,4
10151,10
10152,10
10153,1
10154,9
10155,9
10157,7
10158,5
10160,10
10161,4
10162,7
10163,6
10164,9
10165,7
10166,7
10167,7
10168,1
10169,8
10170,1
10171,2
10172,6
10173,1
10174,3
10175,1
10176,9
10178,3
10179,8
10180,10
10285,5
10287,2
10292,9
10295,2
10307,1
10314,3
10315,2
10317,2
10318,10
10319,5
10321,7
10322,3
10324,9
10325,7
10327,10
10328,2
10329,5
10330,6
10331,9
10332,9
10333,7
10334,5
10335,6
10336,10
10337,6
10338,4
10339,6
10340,8
10341,2
10342,10
10344,10
10348,4
10350,9
10351,5
10353,8
10354,2
10355,2
10357,3
10358,10
10359,10
10363,5
10365,2
10366,1
10375,9
10376,1
10377,3
10378,7
10379,8
10383,10
10385,4
10388,10
10389,6
10390,8
10391,1
10392,3
10394,9
10395,9
10396,3
10398,7
10399,7
10400,2
10401,10
10403,2
10407,2
10408,6
10412,3
10413,9
10415,5
10426,9
10427,2
10430,9
10432,6
10433,3
10434,2
10439,9
10440,7
10441,5
10443,6
10444,6
10445,5
10449,3
10451,1
10453,9
10456,4
10458,8
10460,7
10461,5
10462,4
10467,6
10468,8
10477,3
10484,10
10487,8
10488,7
10492,4
10493,6
10494,8
10496,2
10497,1
10499,8
10503,6
10504,5
10506,7
10508,3
10509,9
10511,7
10516,1
10520,4
10521,8
10523,5
10527,1
10529,9
10530,9
10531,8
10533,2
10535,9
10536,8
10537,10
10540,8
10542,4
10544,7
10545,2
10546,2
10548,2
10549,9
10550,6
10551,7
10555,2
10559,2
10560,9
10561,8
10572,1
10573,3
10578,7
10580,4
10581,1
10585,10
10586,6
10587,2
10588,4
10589,10
10590,3
10593,1
10596,10
10597,6
10598,7
10601,4
10602,4
10603,6
10604,1
10606,5
10607,3
10608,9
10609,9
10610,2
10612,1
10613,3
10617,2
10618,9
10620,8
10621,9
10622,1
10623,3
10624,10
10625,5
10626,3
10630,4
10631,7
10633,5
10634,8
10639,1
10643,9
10644,2
10647,7
10653,9
10667,3
10668,7
10669,6
10671,6
10673,5
10674,8
10676,4
10678,4
10679,1
10680,4
10682,1
10683,5
10684,2
10685,4
10686,2
10688,1
10691,10
10692,7
10693,3
10696,1
10697,6
10699,7
10700,7
10701,7
10702,1
10704,5
10705,6
10707,5
10708,2
10711,9
10713,3
10714,9
10717,6
10718,6
10719,7
10720,8
10724,4
10730,9
10732,8
10736,6
10737,3
10740,5
10741,6
10746,1
10748,1
10749,9
10750,7
10751,5
10752,2
10753,1
10754,9
10755,10
10757,4
10758,2
10759,1
10762,5
10763,9
10764,5
10767,3
10768,4
10769,1
10770,9
10772,7
10773,4
10774,9
10775,9
10778,5
10780,8
10781,6
10782,1
10783,9
10786,5
10789,8
10790,7
10792,7
10793,6
10799,1
10800,8
10803,8
10804,9
10805,1
10811,2
10812,6
10815,1
10816,4
10818,8
10819,1
10821,8
10822,10
10823,6
10824,10
10825,1
10826,6
10827,6
10907,7
10908,4
10909,5
10910,1
10920,1
10921,1
10923,4
10926,1
10929,1
10931,4
10934,1
10936,3
10939,4
10950,10
10952,6
10954,8
10955,4
10956,3
10957,3
10959,7
10963,3
10966,2
10967,5
10968,5
10970,10
10973,2
10974,5
10975,5
10976,8
10977,5
10978,1
10980,6
10983,4
10984,10
10987,9
10988,6
10994,9
10997,4
10999,1
11002,4
11004,9
11005,3
11008,3
11014,6
11015,3
11017,7
11020,10
11028,8
11031,3
11033,3
11034,2
11037,7
11038,3
11040,5
11044,7
11049,9
11052,7
11057,1
11063,3
11075,7
11076,4
11078,5
11080,2
11084,6
11085,5
11086,6
11087,5
11088,5
11109,5
11110,5
11111,3
11112,1
11117,7
11120,2
11121,2
11122,5
11123,3
11125,10
11126,10
11127,2
11128,6
11129,10
11130,2
11132,10
11135,2
11136,8
11138,3
11141,1
11142,2
11143,4
11145,4
11151,2
11155,8
11156,4
11157,7
11158,3
11160,6
11201,9
11558,9
11671,9
11674,3
11724,2
11726,8
11728,2
11733,6
11734,5
11735,4
11738,10
11740,7
11741,8
11742,9
11743,1
11744,1
11745,2
11746,2
11747,8
11748,7
11749,2
11753,8
11756,8
11758,10
11759,5
11764,3
11791,9
11793,7
11798,3
11809,7
11817,10
11822,6
11824,6
11825,9
11826,9
11828,4
11829,7
11830,3
11834,10
11836,6
11840,3
11844,7
11845,5
11847,5
11849,1
11851,1
11856,4
11860,9
11861,8
11870,8
11906,8
11912,3
11918,6
11938,8
11939,1
11943,5
11950,1
11958,6
11959,9
11962,1
11963,9
11964,6
11965,1
11966,5
11969,9
11970,2
11971,2
11972,8
11973,2
11975,3
11977,3
11978,4
11979,5
11980,8
11981,6
11982,10
11983,6
11984,2
11986,2
11987,3
11991,5
11992,1
11993,1
11994,1
11996,6
11997,9
11999,6
12000,9
12002,4
12003,7
12006,4
12007,4
12008,3
12010,7
12011,9
12012,1
12013,7
12014,3
12015,8
12016,9
12017,6
12018,9
12019,6
12021,8
12022,6
12025,3
12031,10
12032,4
12034,10
12035,9
12036,6
12038,1
12040,8
12041,2
12042,2
12043,3
12044,5
12045,8
12047,8
12048,5
12049,8
12051,8
12052,1
12053,1
12054,3
12056,1
12057,8
12058,8
12060,1
12061,7
12062,9
12063,1
12064,7
12066,3
12070,1
12071,1
12072,1
12073,9
12075,1
12076,8
12077,2
12078,8
12079,5
12081,3
12083,6
12085,9
12086,8
12087,2
12088,3
12092,1
12093,1
12095,6
12097,4
12098,3
12099,2
12100,6
12101,1
12102,6
12103,6
12104,7
12107,6
12108,2
12110,3
12111,1
12112,10
12113,4
12114,4
12119,5
12120,2
12121,1
12122,10
12124,10
12125,2
12126,10
12127,6
12129,7
12130,1
12131,9
12132,6
12133,2
12134,8
12136,8
12137,10
12139,8
12140,2
12143,10
12144,10
12146,9
12147,10
12148,4
12149,7
12150,1
12151,9
12155,4
12157,7
12158,5
12159,4
12160,2
12161,4
12163,2
12164,6
12166,3
12256,7
12269,9
12275,5
12276,10
12278,2
12279,4
12280,6
12282,7
12284,8
12285,10
12286,9
12287,4
12288,8
12289,6
12290,4
12292,3
12293,8
12294,5
12296,9
12297,2
12298,3
12299,2
12300,4
12301,10
12302,8
12303,6
12304,9
12306,8
12311,9
12312,1
12313,7
12314,5
12315,5
12316,7
12318,9
12319,8
12320,8
12322,2
12325,3
12326,4
12327,2
12330,8
12331,3
12333,1
12334,5
12336,10
12339,6
12340,10
12342,5
12344,4
12348,10
12350,7
12351,1
12352,2
12353,10
12354,1
12355,10
12356,2
12357,9
12358,4
12359,8
12360,4
12361,9
12363,9
12365,3
12373,3
12378,5
12380,3
12382,5
12383,4
12389,3
12391,3
12394,6
12396,3
12398,2
12399,2
12401,5
12403,5
12404,1
12409,10
12410,8
12411,8
12415,6
12417,6
12419,1
12420,6
12434,4
12436,5
12437,2
12438,8
12439,7
12440,5
12441,9
12442,2
12448,1
12450,2
12451,10
12453,9
12454,6
12456,2
12457,5
12461,7
12462,3
12463,7
12464,4
12467,7
12471,5
12472,5
12475,10
12476,9
12477,8
12478,10
12480,10
12482,8
12483,8
12485,3
12486,9
12488,6
12489,7
12492,9
12499,9
12508,8
12510,6
12512,4
12513,6
12514,1
12515,7
12516,10
12517,7
12519,10
12522,2
12525,9
12526,2
12527,8
12528,10
12529,10
12531,5
12532,10
12534,3
12535,3
12536,1
12537,1
12538,6
12539,6
12541,5
12543,5
12544,3
12546,7
12547,7
12548,9
12549,6
12552,10
12554,8
12558,5
12559,4
12562,1
12575,7
12577,10
12579,9
12583,9
12584,3
12586,5
12590,7
12592,1
12593,7
12594,1
12595,5
12596,10
12597,1
12598,5
12599,4
12603,1
12605,1
12606,4
12608,2
12609,10
12610,9
12611,7
12612,1
12614,5
12615,9
12616,9
12617,3
12618,10
12619,10
12620,10
12621,4
12622,4
12624,8
12625,1
12626,1
12629,6
12630,5
12631,10
12638,8
12640,9
12641,10
12642,3
12643,8
12644,4
12645,9
12649,10
12650,5
12651,6
12652,4
12655,6
12659,2
12664,2
12672,6
12675,8
12676,6
12677,10
12678,3
12680,6
12681,4
12683,1
12689,8
12692,10
12693,9
12694,2
12696,1
12697,4
12698,6
12699,10
12700,9
12701,2
12703,10
12704,5
12705,7
12706,3
12707,2
12712,5
12713,6
12714,4
12716,9
12717,2
12718,6
12719,10
12720,10
12721,4
12726,1
12727,6
12728,3
12729,2
12731,3
12735,8
12741,9
12744,3
12745,4
12747,1
12748,5
12749,6
12754,6
12756,2
12757,7
12759,2
12760,8
12761,2
12764,6
12770,10
12773,5
12774,7
12776,10
12777,3
12778,7
12781,3
12782,8
12783,3
12784,9
12785,10
12786,1
12788,1
12789,9
12840,7
12843,8
12872,4
12874,2
12875,2
12876,9
12877,8
12880,3
12881,4
12882,8
12883,7
12884,2
12887,6
12888,2
12892,2
12893,5
12894,8
12895,1
12896,9
12899,7
12900,8
12901,8
12903,9
12904,7
12905,4
12909,4
12919,10
12924,8
12925,10
12928,7
12930,8
12931,2
12936,10
12937,10
12939,1
12940,4
12943,6
12945,7
12946,9
12947,9
12950,2
12954,5
12955,3
12956,8
12963,7
12964,1
12983,6
12984,7
12985,5
12986,8
12988,8
12993,7
12996,5
12997,5
12999,10
13002,2
13021,7
13029,9
13030,7
13031,6
13032,8
13034,3
13035,10
13041,9
13045,1
13063,1
13071,8
13072,3
13073,9
13074,6
13077,4
13079,8
13080,4
13081,7
13084,1
13087,5
13088,6
13095,6
13096,3
13098,8
13100,9
13101,4
13102,4
13103,6
13104,1
13108,1
13109,5
13110,1
13115,2
13117,7
13122,10
13123,3
13127,1
13470,9
13503,9
13508,6
13563,9
13666,10
13673,1
13675,8
13685,5
13693,3
13694,1
13695,2
13696,9
13697,1
13698,9
13699,3
13700,6
13701,2
13702,5
13703,3
13704,2
13706,4
13708,9
13709,5
13710,3
13713,7
13714,1
13715,1
13716,4
13717,10
13718,2
13720,9
13721,4
13744,10
13751,1
13769,8
13772,2
13773,6
13795,1
13809,7
13812,10
13813,8
13815,9
13816,2
13821,6
13822,6
13823,8
13824,7
13826,1
13827,8
13831,9
13832,1
13833,3
13836,7
13837,7
13839,9
13841,2
13842,2
13843,2
13844,9
13845,2
13846,4
13850,7
13851,6
13856,9
13865,3
13894,9
13903,1
13904,2
13905,7
13906,3
13909,9
13910,8
13911,5
13912,10
13913,10
13914,2
13943,7
13944,1
13945,6
13946,10
13947,4
13948,8
13949,6
13950,1
13951,3
13952,3
13953,9
13954,10
13956,5
13960,1
13961,3
13962,9
13963,8
13964,2
13965,7
13966,2
13968,1
13969,3
13971,10
13972,8
13973,2
13975,3
13979,3
13980,3
13982,5
13983,9
13984,1
13985,8
13990,4
13991,9
13992,5
13993,10
13994,3
13995,3
13996,2
13997,5
13998,7
13999,8
14001,7
14002,8
14003,2
14004,10
14005,10
14006,2
14007,4
14008,6
14010,5
14012,9
14014,3
14016,7
14017,5
14019,9
14022,8
14023,6
14024,4
14025,7
14026,10
14027,10
14029,8
14030,8
14031,2
14032,8
14035,5
14037,1
14038,7
14040,5
14042,1
14043,6
14044,6
14046,7
14049,8
14050,9
14053,1
14054,1
14060,7
14061,2
14062,5
14063,3
14065,2
14067,3
14068,3
14069,4
14071,10
14072,1
14073,5
14076,2
14077,8
14078,4
14080,3
14081,2
14084,4
14086,8
14087,5
14088,7
14089,4
14090,4
14091,5
14092,4
14094,3
14096,1
14097,10
14098,3
14100,7
14101,7
14102,2
14103,8
14104,7
14105,6
14106,8
14107,10
14108,3
14109,9
14111,4
14113,9
14116,9
14118,8
14119,6
14121,8
14124,7
14125,1
14127,1
14128,2
14130,3
14132,7
14133,4
14135,4
14165,2
14239,5
14240,9
14241,6
14250,1
14251,3
14252,5
14254,2
14255,5
14258,6
14259,5
14260,4
14261,2
14263,8
14264,1
14266,2
14268,9
14269,8
14270,3
14271,3
14272,5
14274,8
14276,4
14277,7
14278,3
14279,6
14282,5
14283,1
14284,3
14286,9
14289,1
14290,5
14291,5
14292,6
14293,4
14294,3
14295,6
14296,4
14297,9
14306,6
14307,4
14308,2
14312,4
14316,6
14317,1
14319,2
14320,1
14321,5
14322,8
14323,6
14324,3
14328,7
14329,3
14334,4
14335,6
14336,1
14337,5
14341,6
14342,6
14344,7
14345,5
14346,3
14347,1
14350,10
14351,5
14352,5
14355,8
14357,3
14359,7
14361,4
14364,6
14367,2
14368,1
14369,4
14370,3
14375,10
14383,2
14384,10
14385,9
14386,9
14388,4
14390,3
14401,3
14403,9
14404,2
14405,1
14412,3
14414,7
14416,5
14418,3
14425,8
14431,8
14432,1
14434,8
14436,6
14438,6
14444,7
14447,5
14448,10
14449,9
14452,6
14455,3
14457,10
14458,5
14459,10
14461,9
14462,4
14463,4
14464,8
14465,6
14467,9
14468,3
14469,8
14470,8
14473,7
14474,1
14476,5
14478,1
14485,4
14486,1
14488,6
14489,6
14490,2
14493,9
14501,10
14502,1
14504,7
14506,2
14508,4
14509,9
14512,6
14514,4
14516,7
14518,4
14521,8
14522,9
14523,8
14524,5
14525,7
14527,5
14528,2
14529,4
14530,4
14531,7
14533,3
14534,10
14536,4
14537,4
14538,4
14539,1
14540,3
14542,5
14544,5
14545,2
14546,5
14548,7
14549,9
14550,1
14551,2
14553,2
14555,6
14556,6
14560,2
14565,10
14566,4
14567,6
14570,6
14575,4
14577,8
14578,3
14579,7
14581,4
14583,1
14586,7
14589,9
14590,9
14591,2
14592,4
14593,2
14594,7
14595,5
14597,10
14598,3
14599,5
14602,2
14603,2
14608,7
14609,8
14610,3
14611,8
14612,6
14613,10
14614,3
14618,3
14620,10
14622,2
14623,3
14625,1
14626,6
14634,10
14635,7
14636,9
14637,10
14638,7
14639,1
14643,5
14645,3
14647,10
14648,7
14649,6
14651,6
14652,1
14653,10
14656,8
14659,5
14660,2
14662,10
14663,4
14665,5
14666,3
14667,10
14669,4
14670,10
14673,8
14675,8
14676,1
14677,6
14678,10
14681,5
14682,7
14683,8
14684,8
14686,6
14688,3
14689,8
14690,4
14691,5
14693,1
14694,2
14695,6
14696,3
14697,7
14700,5
14702,3
14703,1
14704,4
14705,2
14715,4
14717,5
14719,6
14722,3
14723,8
14724,6
14725,2
14727,7
14728,7
14730,2
14739,1
14742,2
14743,3
14746,10
14747,2
14748,3
14749,7
14751,7
14777,9
14867,7
14871,5
14873,2
14876,2
14877,6
14878,7
14879,7
14880,4
14883,7
14885,5
14886,7
14889,8
14896,3
14897,7
14898,6
14899,8
14901,9
14902,9
14903,2
14905,6
14908,9
14910,2
14912,10
14914,8
14920,7
14924,2
14930,1
14931,3
14932,1
14934,3
14935,6
14936,2
14937,10
14939,6
14940,1
14941,2
14943,4
14944,10
14945,2
14947,1
14949,1
14951,8
14953,1
14954,2
14959,4
14961,7
14962,9
14963,8
14964,9
14965,10
14969,9
14971,8
14974,1
14979,9
14985,4
14993,2
14995,6
14997,5
14999,6
15000,2
15001,10
15005,9
15006,7
15008,9
15010,1
15014,1
15016,6
15018,6
15019,6
15020,7
15041,6
15048,7
15050,8
15052,7
15053,2
15054,4
15055,2
15056,2
15057,10
15058,2
15062,8
15078,4
15079,9
15081,8
15082,4
15084,1
15085,8
15087,8
15090,10
15091,5
15093,9
15094,10
15101,10
15102,3
15103,5
15104,5
15105,6
15106,7
15107,6
15109,5
15110,5
15112,7
15113,1
15114,8
15117,3
15118,1
15119,9
15121,2
15124,9
15125,9
15128,9
15129,1
15130,2
15134,9
15136,10
15138,1
15140,5
15449,5
15490,9
15650,4
15656,5
15668,8
15674,10
15675,5
15676,3
15678,1
15682,5
15683,1
15684,8
15688,5
15689,10
15690,2
15693,4
15726,4
15728,8
15730,7
15733,1
15734,6
15735,4
15742,9
15743,4
15744,10
15745,8
15746,6
15747,1
15754,1
15755,8
15756,4
15757,10
15758,8
15759,7
15762,3
15765,2
15766,9
15767,8
15768,5
15769,3
15770,2
15772,3
15773,5
15775,9
15776,7
15777,2
15779,7
15780,9
15781,1
15782,8
15790,3
15791,2
15795,10
15848,6
15869,8
15873,5
15874,10
15876,7
15877,5
15880,1
15881,2
15901,10
15902,6
15904,5
15905,9
15906,7
15907,1
15910,5
15911,2
15912,9
15913,3
15914,3
15915,4
15916,9
15918,1
15920,9
15923,8
15924,10
15925,5
15926,10
15927,2
15929,7
15930,10
15931,8
15932,6
15933,8
15934,4
15935,8
15937,1
15938,6
15941,2
15942,6
15943,2
15947,3
15950,10
15952,7
15955,7
15956,1
15957,1
15960,4
15961,2
15962,6
15967,9
15968,5
15970,4
15971,8
15972,5
15975,2
15976,8
15977,1
15978,3
15979,6
15982,6
15983,5
15984,2
15986,3
15987,2
15988,10
15990,6
15991,3
15992,1
15993,2
15994,3
15995,9
15996,8
15997,7
15999,3
16000,3
16001,5
16002,1
16006,4
16007,6
16010,10
16012,7
16013,7
16014,8
16015,8
16016,7
16018,7
16020,3
16022,1
16024,10
16025,4
16027,4
16030,4
16031,7
16032,3
16033,4
16036,4
16037,3
16039,8
16040,9
16041,7
16043,3
16045,10
16047,6
16048,6
16049,2
16050,8
16051,7
16053,4
16056,2
16058,7
16059,2
16060,4
16061,10
16062,6
16063,3
16064,5
16065,4
16066,1
16067,9
16068,5
16069,9
16070,5
16072,1
16073,4
16074,7
16076,10
16077,10
16078,9
16079,7
16080,6
16081,6
16083,4
16084,2
16085,9
16086,1
16087,8
16089,7
16090,6
16091,6
16092,8
16096,7
16097,1
16098,1
16099,1
16104,9
16105,4
16109,9
16143,6
16177,6
16178,3
16189,3
16192,2
16194,6
16195,7
16196,8
16198,1
16199,8
16200,4
16201,5
16203,4
16205,10
16207,1
16208,2
16210,6
16212,8
16214,10
16215,3
16216,3
16218,7
16220,5
16222,8
16223,2
16226,6
16227,1
16228,2
16229,6
16231,4
16232,6
16233,10
16235,4
16236,9
16237,7
16240,1
16244,7
16245,5
16246,9
16248,3
16249,1
16250,6
16252,9
16253,9
16255,1
16256,4
16257,4
16258,3
16260,10
16261,10
16262,9
16263,3
16266,7
16267,9
16268,9
16269,6
16272,10
16276,9
16277,2
16279,3
16284,4
16292,1
16296,7
16297,4
16298,1
16299,7
16305,2
16306,7
16309,3
16310,8
16312,5
16313,2
16315,4
16317,3
16318,3
16323,7
16328,9
16329,7
16330,4
16331,6
16334,9
16336,4
16341,4
16342,3
16348,2
16352,6
16354,2
16356,6
16358,4
16366,9
16367,3
16368,7
16370,4
16373,9
16374,1
16375,5
16377,8
16378,2
16379,2
16380,4
16382,8
16383,6
16384,6
16385,1
16386,9
16387,2
16388,1
16389,6
16390,4
16391,3
16392,8
16394,3
16395,8
16396,7
16398,3
16399,7
16400,8
16401,7
16404,4
16407,10
16410,4
16411,5
16427,10
16432,6
16437,9
16439,2
16442,4
16443,3
16444,3
16446,8
16450,4
16454,5
16455,9
16456,3
16457,8
16458,6
16459,8
16460,3
16461,4
16462,7
16463,10
16465,10
16473,2
16474,2
16475,7
16483,7
16484,5
16487,3
16489,2
16498,4
16500,7
16501,2
16504,6
16507,1
16510,1
16511,10
16513,1
16514,7
16516,4
16518,8
16519,7
16520,7
16523,2
16524,9
16525,5
16526,10
16529,10
16530,2
16534,10
16536,4
16538,7
16539,3
16540,4
16541,1
16544,1
16545,9
16548,5
16549,8
16550,1
16551,9
16554,8
16557,5
16558,4
16565,1
16569,3
16570,7
16571,1
16572,10
16575,4
16577,3
16578,9
16579,2
16580,9
16583,8
16584,1
16586,8
16589,7
16591,10
16592,1
16598,2
16599,1
16600,6
16601,8
16602,10
16603,10
16605,10
16609,10
16611,4
16612,1
16613,5
16615,2
16625,2
16626,3
16629,8
16632,5
16641,7
16642,3
16643,5
16644,4
16645,3
16648,5
16649,4
16650,1
16651,10
16652,4
16653,6
16654,4
16655,3
16656,9
16727,7
16752,8
16753,2
16755,1
16757,2
16758,5
16760,2
16763,9
16764,3
16766,6
16768,7
16769,1
16771,6
16772,9
16775,7
16776,2
16777,4
16778,9
16780,10
16783,10
16787,5
16788,7
16790,8
16792,10
16793,7
16795,8
16797,9
16798,7
16799,8
16800,3
16801,7
16804,7
16805,7
16806,3
16807,10
16808,1
16809,5
16810,9
16811,1
16812,9
16813,5
16814,3
16815,10
16816,4
16817,10
16818,8
16819,4
16822,2
16824,1
16828,6
16829,1
16830,3
16831,2
16832,3
16833,2
16837,2
16840,7
16841,3
16842,9
16844,5
16845,4
16852,7
16855,4
16856,2
16859,5
16866,3
16870,1
16872,1
16873,6
16899,8
16900,2
16901,7
16902,5
16903,8
16904,7
16905,10
16907,5
16908,10
16912,6
16932,3
16934,5
16937,3
16939,3
16942,5
16944,10
16954,9
16958,9
16959,7
16960,4
16961,3
16962,2
16964,9
16965,7
16967,1
16968,6
16970,8
16971,5
16972,7
16975,10
16977,3
16984,7
16987,3
16989,9
16993,10
16995,9
16996,5
16997,4
17022,7
17185,9
17188,4
17194,3
17511,10
17513,5
17515,3
17525,10
17530,8
17532,9
17534,2
17536,10
17537,1
17540,2
17542,4
17544,3
17546,5
17547,10
17548,3
17549,2
17550,5
17555,3
17562,4
17584,9
17588,8
17603,7
17604,4
17606,6
17607,8
17612,4
17613,9
17615,7
17616,3
17617,10
17619,6
17620,1
17639,9
17640,2
17644,8
17645,1
17647,8
17648,10
17649,7
17654,7
17655,10
17656,7
17657,8
17658,10
17659,8
17660,4
17661,10
17662,7
17663,3
17664,7
17665,4
17666,4
17667,4
17668,3
17669,3
17671,7
17672,2
17696,1
17697,3
17702,8
17703,5
17704,4
17705,4
17716,3
17717,9
17719,10
17720,9
17721,7
17722,7
17724,8
17725,3
17726,2
17727,3
17728,4
17730,1
17733,8
17734,5
17735,8
17736,8
17738,4
17739,10
17740,7
17742,1
17743,8
17744,10
17745,1
17747,2
17748,10
17753,9
17755,5
17756,2
17757,6
17762,6
17763,5
17764,9
17765,5
17766,8
17767,7
17769,5
17770,3
17772,8
17773,3
17774,6
17775,2
17776,8
17778,7
17779,4
17780,10
17781,4
17782,2
17783,3
17788,2
17789,3
17790,6
17792,1
17794,4
17795,7
17797,6
17799,3
17800,7
17801,5
17802,7
17803,2
17807,9
17808,10
17809,1
17811,4
17812,6
17813,8
17814,8
17815,4
17817,6
17818,10
17819,9
17820,2
17821,9
17822,7
17823,9
17824,8
17826,1
17827,10
17829,8
17830,6
17831,7
17832,2
17833,8
17834,4
17835,4
17836,7
17837,2
17838,9
17839,10
17840,4
17841,5
17842,8
17843,8
17844,3
17845,6
17846,8
17848,6
17849,1
17850,9
17851,3
17852,2
17853,8
17854,8
17856,8
17857,7
17858,3
17859,3
17860,10
17862,4
17863,9
17864,4
17865,10
17866,10
17867,5
17868,10
17869,8
17870,10
17871,9
17872,8
17873,9
17874,7
17875,5
17876,4
17878,5
17879,2
17881,7
17883,9
17944,3
17945,7
17947,4
17953,9
17955,7
17959,10
17960,9
17961,9
17962,5
17964,6
17965,1
17967,6
17969,2
17970,10
17972,8
17973,6
17974,3
17975,7
17976,9
17978,2
17980,7
17982,6
17983,10
17984,6
17987,6
17988,7
17989,6
17990,5
17993,4
17995,10
17996,10
17998,6
17999,3
18004,8
18005,6
18009,8
18011,5
18012,7
18013,5
18015,5
18016,1
18017,10
18020,6
18021,3
18022,6
18023,3
18024,9
18025,2
18027,1
18028,5
18029,9
18030,3
18033,4
18034,2
18036,8
18037,9
18043,1
18059,9
18062,4
18063,8
18065,3
18066,7
18067,5
18068,10
18072,4
18074,3
18075,5
18078,1
18093,5
18097,1
18098,1
18099,2
18100,2
18101,3
18102,6
18103,5
18109,5
18111,10
18112,7
18114,4
18115,1
18120,2
18121,10
18124,9
18132,10
18135,4
18137,9
18139,7
18140,10
18141,9
18142,8
18144,1
18146,2
18148,1
18150,5
18151,5
18153,5
18159,5
18164,1
18165,2
18166,5
18167,2
18168,8
18169,1
18174,7
18175,10
18177,1
18179,7
18182,7
18183,9
18185,5
18186,4
18188,4
18189,3
18190,8
18192,1
18193,5
18194,8
18195,3
18197,3
18199,5
18200,10
18201,9
18205,2
18207,4
18208,2
18210,6
18212,9
18213,1
18214,6
18215,7
18219,6
18220,1
18224,9
18230,3
18232,10
18233,7
18234,10
18235,9
18236,9
18239,7
18240,10
18242,6
18244,2
18245,1
18249,3
18250,9
18251,5
18255,1
18256,10
18257,8
18259,5
18263,2
18264,9
18265,6
18266,10
18267,4
18268,5
18269,6
18272,3
18273,9
18274,4
18275,5
18276,8
18277,9
18278,1
18280,8
18285,7
18286,4
18289,9
18290,3
18291,6
18293,9
18294,6
18296,10
18306,9
18307,7
18314,4
18315,6
18317,7
18318,2
18320,2
18322,4
18327,6
18328,9
18329,6
18332,10
18334,7
18335,4
18336,5
18337,3
18339,6
18340,1
18342,4
18343,9
18348,4
18349,4
18352,3
18353,8
18366,7
18367,10
18370,6
18371,6
18373,7
18376,2
18381,6
18382,9
18384,9
18390,3
18391,8
18394,8
18395,6
18397,9
18398,9
18399,4
18402,5
18404,3
18405,9
18406,4
18416,10
18444,4
18519,10
18550,4
18559,5
18560,7
18563,2
18588,2
18609,9
18613,9
18615,6
18617,5
18619,4
18621,7
18623,7
18627,7
18628,9
18630,6
18631,6
18634,8
18636,4
18638,10
18639,10
18640,7
18641,9
18643,5
18649,7
18651,3
18652,5
18654,9
18673,10
18975,9
19067,10
19238,1
19261,3
19656,1
19722,4
20023,10
20079,10
20275,1
20343,6
20344,2
20393,9
20742,3
20845,7
20873,10
20887,10
20943,10
20970,6
21040,6
21106,1
21344,1
